time,ACx,ACy,ACz,encoder1,encoder2
0.1,-19,6,242,0,0
0.2,-19,5,242,0,0
0.3,-20,5,241,0,0
0.4,-20,5,242,0,0
0.5,-20,5,240,0,0
0.6,-19,5,242,0,0
0.7,-21,7,241,0,0
0.8,-20,6,242,0,0
0.9,-20,5,242,0,0
1,-20,5,240,0,0
1.1,-20,5,240,0,0
1.2,-6,30,240,0,0
1.3,-14,46,240,0,0
1.4,-24,2,247,0,0
1.5,-19,-26,229,0,0
1.6,-27,-21,229,0,0
1.7,-20,-11,240,0,1
1.8,-20,27,242,0,1
1.9,-17,32,246,0,1
2,-19,42,262,1,1
2.1,-15,42,235,1,1
2.2,-85,161,467,1,1
2.3,-58,-59,229,1,1
2.4,-36,-11,236,1,1
2.5,-26,25,251,1,2
2.6,-30,11,256,2,2
2.7,-23,-6,225,2,2
2.8,-31,-30,247,2,2
2.9,-21,1,233,2,2
3,-23,21,225,2,2
3.1,-56,9,254,2,2
3.2,-8,17,268,2,3
3.3,-23,3,235,2,3
3.4,-19,-59,240,2,3
3.5,-23,-31,233,2,3
3.6,-23,17,239,2,3
3.7,-25,60,255,2,3
3.8,-19,17,225,2,3
3.9,-9,8,229,2,3
4,-22,24,238,2,3
4.1,-6,7,243,2,4
4.2,-23,25,239,2,4
4.3,-13,-8,242,2,4
4.4,-24,-38,242,2,4
4.5,-18,4,236,2,4
4.6,-18,44,244,2,4
4.7,-14,73,238,2,4
4.8,27,-74,179,2,5
4.9,-24,-4,248,2,5
5,-21,65,256,2,5
5.1,-24,-9,242,2,5
5.2,-28,19,244,2,5
5.3,-30,4,236,2,6
5.4,-25,-88,259,2,6
5.5,-32,6,244,2,6
5.6,-25,-9,242,2,6
5.7,-24,72,243,2,6
5.8,-11,41,239,2,6
5.9,-45,-65,212,2,8
6,-25,134,244,3,8
6.1,-36,4,234,3,8
6.2,-27,-36,263,3,8
6.3,-25,-78,228,3,9
6.4,-26,61,240,3,9
6.5,-16,55,234,3,9
6.6,-14,-27,256,3,9
6.7,-28,-20,256,3,9
6.8,-13,6,233,3,10
6.9,-17,9,234,3,10
7,-55,-15,230,3,10
7.1,-24,-27,211,3,11
7.2,-20,-1,242,3,11
7.3,-23,12,238,3,11
7.4,-29,35,240,3,11
7.5,-143,245,281,3,11
7.6,7,-98,281,3,11
7.7,-24,7,239,3,11
7.8,-19,10,223,3,11
7.9,-22,7,241,3,11
8,-23,6,242,3,11
8.1,-22,5,241,3,11
8.2,-24,6,242,3,11
8.3,-24,5,241,3,11
8.4,-23,6,242,3,11
8.5,-24,6,241,3,11
8.6,-23,6,241,3,11
8.7,-23,6,242,3,11
8.8,-24,7,241,3,11
8.9,-23,5,241,3,11
9,-23,6,241,3,11
9.1,-23,6,241,3,11
9.2,-23,7,241,3,11
9.3,-24,7,241,3,11
9.4,-24,7,241,3,11
9.5,-24,6,242,3,11
9.6,-22,6,241,3,11
9.7,-22,5,241,3,11
9.8,-23,7,241,3,11
9.9,-23,6,240,3,11
10,-24,7,241,3,11
10.1,-23,7,240,3,11
10.2,-22,6,242,3,11
10.3,-23,7,241,3,11
10.4,-23,6,241,3,11
10.5,-24,6,241,3,11
10.6,-23,6,241,3,11
10.7,-22,5,241,3,11
10.8,-23,6,241,3,11
10.9,-23,6,240,3,11
11,-22,6,242,3,11
11.1,-23,6,242,3,11
11.2,-23,6,241,3,11
11.3,-24,7,242,3,11
11.4,-23,6,241,3,11
11.5,-24,6,241,3,11
11.6,14,1,230,3,11
11.7,-36,-33,224,3,11
11.8,-9,-31,235,3,11
11.9,-24,-63,258,3,11
12,-23,-51,245,3,11
12.1,-23,-33,255,3,12
12.2,-33,21,258,3,12
12.3,-19,99,226,4,13
12.4,-69,-24,224,4,13
12.5,-19,-41,224,4,13
12.6,-59,135,259,5,14
12.7,-44,-92,237,5,14
12.8,-15,13,235,5,14
12.9,2,-19,226,7,14
13,-12,40,236,7,14
13.1,-11,88,240,7,15
13.2,-20,-157,259,7,15
13.3,-14,2,255,7,15
13.4,26,102,250,8,15
13.5,8,43,250,8,16
13.6,-18,12,226,8,16
13.7,-26,18,255,9,17
13.8,-7,65,256,9,17
13.9,-18,9,216,9,17
14,-28,-25,233,9,17
14.1,-33,-12,260,9,18
14.2,-20,-73,230,9,18
14.3,-6,114,252,9,18
14.4,0,-27,246,9,18
14.5,-13,-9,246,9,19
14.6,-41,0,266,9,19
14.7,1,73,224,9,19
14.8,-22,-58,263,10,20
14.9,-22,54,220,10,20
15,-28,-43,245,10,20
15.1,-18,-25,236,11,20
15.2,-24,31,242,11,21
15.3,-28,-15,238,11,21
15.4,-35,-1,207,11,21
15.5,-13,13,256,11,21
15.6,-17,7,259,12,22
15.7,14,4,246,12,22
15.8,-19,86,237,12,22
15.9,-28,-35,259,12,22
16,-108,-512,157,12,23
16.1,-5,21,259,12,23
16.2,-33,59,236,12,23
16.3,-4,1,247,13,24
16.4,-26,69,247,13,24
16.5,-25,33,235,13,24
16.6,-18,18,235,13,24
16.7,-27,9,246,13,24
16.8,-14,13,233,13,24
16.9,-16,9,238,13,24
17,-20,3,243,13,24
17.1,-16,11,239,13,24
17.2,-18,-32,250,13,24
17.3,-7,-2,249,13,24
17.4,-29,27,244,13,24
17.5,-6,21,257,13,24
17.6,-29,-28,240,13,24
17.7,-38,-27,236,13,25
17.8,-18,17,242,14,25
17.9,-21,50,235,14,25
18,-34,19,238,14,25
18.1,-17,-23,242,14,25
18.2,-30,9,247,14,25
18.3,-19,-23,228,14,25
18.4,-17,44,232,14,25
18.5,-16,7,242,14,25
18.6,-12,26,243,14,25
18.7,-11,8,236,14,25
18.8,-19,9,237,14,25
18.9,-11,15,243,14,25
19,-16,-2,243,14,25
19.1,-18,6,242,14,25
19.2,-21,4,241,14,25
19.3,-20,5,241,14,25
19.4,-19,5,242,14,25
19.5,-19,4,243,14,25
19.6,-19,6,242,14,25
19.7,-19,4,242,14,25
19.8,-20,5,241,14,25
19.9,-20,4,241,14,25
20,-19,5,240,14,25
20.1,-19,5,241,14,25
20.2,-19,4,241,14,25
20.3,-20,5,241,14,25
20.4,-20,5,241,14,25
20.5,-19,4,240,14,25
20.6,-19,4,241,14,25
20.7,-20,5,242,14,25
20.8,-20,4,242,14,25
20.9,-20,4,241,14,25
21,-20,5,243,14,25
21.1,-19,5,242,14,25
21.2,-19,5,242,14,25
21.3,-20,4,241,14,25
21.4,-20,5,242,14,25
21.5,-19,3,242,14,25
21.6,-20,5,242,14,25
21.7,-20,4,240,14,25
21.8,-19,4,240,14,25
21.9,-20,5,241,14,25
22,-20,5,242,14,25
22.1,-19,5,240,14,25
22.2,-19,4,242,14,25
22.3,-19,4,241,14,25
22.4,-20,5,242,14,25
22.5,-19,5,242,14,25
22.6,-20,5,241,14,25
22.7,-19,4,241,14,25
22.8,-19,5,240,14,25
22.9,-20,5,241,14,25
23,-20,5,241,14,25
23.1,-19,4,241,14,25
23.2,-20,5,241,14,25
23.3,-19,5,242,14,25
23.4,-19,4,240,14,25
23.5,-19,4,241,14,25
23.6,-19,4,241,14,25
23.7,-20,4,241,14,25
23.8,-20,5,242,14,25
23.9,-19,4,241,14,25
24,-19,4,242,14,25
24.1,-20,5,240,14,25
24.2,-20,4,242,14,25
24.3,-20,6,241,14,25
24.4,-19,5,241,14,25
24.5,-20,4,242,14,25
24.6,-20,4,242,14,25
24.7,-20,4,241,14,25
24.8,-19,3,242,14,25
24.9,-20,4,241,14,25
25,-20,5,241,14,25
25.1,-20,4,241,14,25
25.2,-20,5,241,14,25
25.3,-19,5,241,14,25
25.4,-19,4,242,14,25
25.5,-20,4,241,14,25
25.6,-20,5,241,14,25
25.7,-18,4,240,14,25
25.8,-19,4,242,14,25
25.9,-19,4,241,14,25
26,-19,4,241,14,25
26.1,-19,4,241,14,25
26.2,-19,5,241,14,25
26.3,-19,5,241,14,25
26.4,-20,5,240,14,25
26.5,-19,5,242,14,25
26.6,-20,4,241,14,25
26.7,-20,5,242,14,25
26.8,-20,5,240,14,25
26.9,-19,5,241,14,25
27,-19,4,242,14,25
27.1,-20,5,241,14,25
27.2,-19,5,241,14,25
27.3,-19,4,241,14,25
27.4,-18,5,243,14,25
27.5,-19,4,241,14,25
27.6,-21,3,240,14,25
27.7,-18,1,246,14,25
27.8,-19,33,240,14,25
27.9,-17,34,234,14,25
28,-20,34,246,14,25
28.1,-14,24,241,14,25
28.2,-37,30,227,14,25
28.3,-20,-8,227,15,26
28.4,-9,-1,247,15,26
28.5,2,-10,230,15,26
28.6,-45,-10,220,15,26
28.7,10,-13,246,15,26
28.8,-19,-30,237,16,26
28.9,-24,2,242,16,27
29,-18,9,249,16,27
29.1,-8,22,243,16,27
29.2,-41,18,235,16,27
29.3,-33,61,230,16,27
29.4,-8,64,238,16,27
29.5,-22,-51,248,16,27
29.6,-44,-22,255,17,28
29.7,22,-70,-11,17,28
29.8,-23,-38,235,17,28
29.9,-33,-7,241,17,28
30,-12,10,248,17,28
30.1,-21,-1,241,17,28
30.2,-6,30,232,17,28
30.3,-12,-1,235,18,29
30.4,-24,19,231,18,29
30.5,-38,-68,245,18,29
30.6,-26,21,241,18,29
30.7,-12,66,244,18,29
30.8,-5,30,239,18,29
30.9,-22,-28,233,19,30
31,-27,-95,224,19,30
31.1,-23,-12,242,19,30
31.2,-23,28,215,19,30
31.3,-19,31,236,19,30
31.4,-41,-21,232,19,30
31.5,-27,-25,249,19,30
31.6,-20,62,244,19,30
31.7,-18,10,231,19,31
31.8,-10,-28,210,20,31
31.9,0,74,246,20,31
32,-34,45,224,20,31
32.1,-42,43,201,20,31
32.2,-41,-73,223,21,32
32.3,-36,-123,242,21,32
32.4,-33,29,238,21,32
32.5,-17,-2,237,21,32
32.6,-21,38,252,21,32
32.7,8,-49,227,21,32
32.8,-14,16,235,22,33
32.9,-3,42,274,22,33
33,-8,15,223,22,33
33.1,-32,20,237,22,33
33.2,-35,-55,216,23,34
33.3,-16,-92,241,23,34
33.4,-20,43,251,23,34
33.5,-16,56,242,23,34
33.6,-13,43,252,23,34
33.7,3,-56,221,23,35
33.8,4,46,251,24,35
33.9,-24,0,243,24,35
34,-15,-15,257,24,35
34.1,-34,1,236,24,36
34.2,-23,-53,208,24,36
34.3,-38,33,256,24,36
34.4,-12,17,241,24,36
34.5,-19,-100,219,24,37
34.6,-27,79,239,24,37
34.7,-19,43,230,24,37
34.8,-22,5,235,24,37
34.9,-17,-5,236,24,37
35,-23,0,234,24,37
35.1,-2,-44,230,24,38
35.2,-22,39,238,24,38
35.3,-27,69,251,24,38
35.4,-14,1,265,24,38
35.5,-17,-32,238,24,38
35.6,-13,-6,257,24,39
35.7,-28,5,234,25,39
35.8,-14,-59,221,25,39
35.9,-48,88,216,25,39
36,-24,11,237,25,39
36.1,-20,-1,241,25,39
36.2,-13,7,246,25,39
36.3,-20,16,241,25,39
36.4,-22,7,242,25,39
36.5,-22,4,241,25,39
36.6,-21,4,241,25,39
36.7,-21,5,241,25,39
36.8,-21,7,242,25,39
36.9,-22,7,241,25,39
37,-22,5,241,25,39
37.1,-22,6,242,25,39
37.2,-21,7,241,25,39
37.3,-22,6,242,25,39
37.4,-22,6,242,25,39
37.5,-22,7,242,25,39
37.6,-22,7,241,25,39
37.7,-22,5,241,25,39
37.8,-21,6,240,25,39
37.9,-22,5,241,25,39
38,-21,6,241,25,39
38.1,-22,7,241,25,39
38.2,-22,6,241,25,39
38.3,-21,5,241,25,39
38.4,-22,6,241,25,39
38.5,-21,6,241,25,39
38.6,-22,7,241,25,39
38.7,-22,7,240,25,39
38.8,-22,6,241,25,39
38.9,-22,6,241,25,39
39,-22,5,240,25,39
39.1,-21,6,241,25,39
39.2,-21,5,241,25,39
39.3,-22,6,240,25,39
39.4,-18,2,237,25,39
39.5,-23,15,247,25,39
39.6,-22,3,243,25,39
39.7,-21,7,242,25,39
39.8,-21,7,241,25,39
39.9,-23,6,241,25,39
40,-27,11,242,25,39
40.1,-24,8,252,25,39
40.2,-27,4,237,25,39
40.3,-19,6,242,25,39
40.4,14,-6,246,25,39
40.5,-31,-8,229,25,39
40.6,-30,-16,254,25,39
40.7,-27,-15,256,26,39
40.8,-23,-16,236,26,39
40.9,-26,5,227,26,40
41,-24,-14,223,26,40
41.1,-10,10,205,27,40
41.2,-9,27,229,27,41
41.3,-20,20,227,27,41
41.4,-22,28,245,27,41
41.5,-18,5,257,27,41
41.6,-17,-45,229,28,41
41.7,-10,-5,237,28,42
41.8,-42,11,271,28,42
41.9,-13,20,225,28,42
42,-33,7,235,28,42
42.1,4,-6,241,29,42
42.2,-14,42,250,29,43
42.3,-25,-11,250,29,43
42.4,-7,20,236,29,43
42.5,-24,21,228,29,43
42.6,-26,-43,248,29,43
42.7,-18,-28,250,30,43
42.8,-25,-16,236,30,44
42.9,-9,-12,273,30,44
43,-20,34,309,31,44
43.1,-13,28,283,31,45
43.2,-19,32,249,31,45
43.3,-21,22,276,31,45
43.4,-11,25,291,32,45
43.5,-9,22,259,32,46
43.6,-11,16,249,32,46
43.7,-26,19,221,32,46
43.8,-20,20,228,32,46
43.9,-14,-26,233,33,46
44,-17,5,244,33,47
44.1,-12,5,239,33,47
44.2,-33,0,248,33,47
44.3,-21,6,223,33,47
44.4,-10,-26,237,33,47
44.5,-23,57,286,34,48
44.6,-69,25,-238,34,48
44.7,68,-79,501,34,48
44.8,-46,30,242,35,48
44.9,-14,14,199,35,49
45,-13,49,231,35,49
45.1,-26,39,246,35,49
45.2,-31,-21,266,36,49
45.3,-52,-31,220,36,50
45.4,-10,-7,218,36,50
45.5,-31,61,252,36,50
45.6,-2,14,223,36,50
45.7,-8,1,244,37,50
45.8,-8,7,246,37,51
45.9,-30,3,259,37,51
46,-17,52,215,37,51
46.1,67,-16,206,38,51
46.2,-9,17,258,38,52
46.3,-19,28,237,38,52
46.4,-8,7,233,38,52
46.5,-13,35,239,38,52
46.6,-16,-9,238,38,52
46.7,-28,-21,248,38,52
46.8,-14,37,237,38,52
46.9,-30,8,246,38,52
47,-24,9,245,38,52
47.1,-18,5,241,38,52
47.2,-17,4,242,38,52
47.3,-18,5,241,38,52
47.4,-18,5,241,38,52
47.5,-18,6,240,38,52
47.6,-18,6,241,38,52
47.7,-18,6,242,38,52
47.8,-17,6,240,38,52
47.9,-18,5,242,38,52
48,-19,7,241,38,52
48.1,-18,5,241,38,52
48.2,-18,6,241,38,52
48.3,-19,7,242,38,52
48.4,-18,5,241,38,52
48.5,-17,6,242,38,52
48.6,-18,6,241,38,52
48.7,-18,6,242,38,52
48.8,-18,6,242,38,52
48.9,-19,7,241,38,52
49,-18,6,241,38,52
49.1,-18,6,241,38,52
49.2,-18,6,240,38,52
49.3,-18,5,242,38,52
49.4,-18,6,241,38,52
49.5,-19,7,241,38,52
49.6,-19,7,241,38,52
49.7,-18,6,241,38,52
49.8,-19,6,242,38,52
49.9,-18,6,241,38,52
50,-18,6,240,38,52
50.1,-18,6,241,38,52
50.2,-17,7,242,38,52
50.3,-18,6,241,38,52
50.4,-20,6,241,38,52
50.5,-18,5,241,38,52
50.6,-18,5,240,38,52
50.7,-18,6,242,38,52
50.8,-19,7,241,38,52
50.9,-18,6,242,38,52
51,-18,6,242,38,52
51.1,-18,6,241,38,52
51.2,-18,7,241,38,52
51.3,-17,7,242,38,52
51.4,-17,6,241,38,52
51.5,-19,6,241,38,52
51.6,-18,6,242,38,52
51.7,-18,6,242,38,52
51.8,-19,5,241,38,52
51.9,-18,6,242,38,52
52,-18,6,242,38,52
52.1,-19,5,242,38,52
52.2,-18,5,241,38,52
52.3,-17,6,240,38,52
52.4,-19,7,241,38,52
52.5,-18,7,242,38,52
52.6,-18,6,241,38,52
52.7,-18,7,240,38,52
52.8,-19,6,241,38,52
52.9,-18,5,240,38,52
53,-19,4,242,38,52
53.1,-18,7,241,38,52
53.2,-18,7,241,38,52
53.3,-18,7,242,38,52
53.4,-19,6,240,38,52
53.5,-26,2,251,38,52
53.6,-19,11,241,38,52
53.7,-27,21,245,38,52
53.8,-12,41,231,38,52
53.9,-12,41,240,38,52
54,-16,37,242,38,52
54.1,-11,29,241,38,52
54.2,-21,17,231,38,53
54.3,-28,-22,253,39,53
54.4,-16,20,218,39,53
54.5,-15,13,243,39,53
54.6,-13,13,225,39,54
54.7,-17,38,239,40,54
54.8,-38,-6,233,40,54
54.9,-20,-2,239,40,54
55,-2,6,285,40,54
55.1,-20,10,240,40,55
55.2,-21,35,228,40,55
55.3,-33,14,241,40,55
55.4,-54,-42,259,40,55
55.5,-31,-40,242,40,55
55.6,-21,17,242,40,55
55.7,-22,27,255,40,56
55.8,-14,98,262,40,56
55.9,-2,41,199,41,56
56,17,-10,260,41,56
56.1,-34,-16,281,42,58
56.2,3,0,190,42,58
56.3,14,-32,265,42,58
56.4,-34,-6,242,42,59
56.5,-11,51,250,43,59
56.6,-2,-10,243,43,59
56.7,-23,-17,241,43,59
56.8,-19,1,260,43,60
56.9,-32,-22,253,44,60
57,-21,-8,249,44,60
57.1,-56,9,249,44,60
57.2,-11,-23,248,44,60
57.3,-19,-3,245,44,60
57.4,-13,-10,220,44,60
57.5,-18,45,239,44,60
57.6,0,18,235,44,61
57.7,-15,56,261,44,61
57.8,-30,32,241,48,61
57.9,-28,-1,227,48,61
58,-9,-18,233,48,62
58.1,-46,30,247,48,62
58.2,-31,13,251,49,62
58.3,-31,-22,204,49,62
58.4,-13,-62,252,49,63
58.5,-30,-10,214,49,63
58.6,-2,26,243,50,63
58.7,-24,18,224,50,63
58.8,-21,8,242,50,63
58.9,-25,13,244,50,63
59,-19,-4,255,50,64
59.1,-42,0,254,50,64
59.2,-26,10,248,50,64
59.3,-32,30,218,51,64
59.4,-8,28,219,51,64
59.5,-15,21,244,51,64
59.6,-24,-46,237,51,65
59.7,-23,42,270,51,65
59.8,-29,-12,245,52,65
59.9,-16,-20,238,52,65
60,-32,48,252,52,65
60.1,-38,-39,233,52,66
60.2,-6,-41,239,52,66
60.3,-30,-19,234,52,66
60.4,-23,-34,238,53,66
60.5,-32,41,240,53,66
60.6,-28,26,245,53,66
60.7,-16,139,237,53,66
60.8,-31,40,252,53,66
60.9,-30,31,238,53,66
61,-21,7,234,53,66
61.1,-31,7,240,53,66
61.2,-21,6,241,53,66
61.3,-21,5,241,53,66
61.4,-21,5,241,53,66
61.5,-22,6,240,53,66
61.6,-22,6,241,53,66
61.7,-22,7,241,53,66
61.8,-22,5,241,53,66
61.9,-22,6,241,53,66
62,-21,6,242,53,66
62.1,-22,7,240,53,66
62.2,-22,6,241,53,66
62.3,-22,6,241,53,66
62.4,-23,7,242,53,66
62.5,-22,8,240,53,66
62.6,-20,6,242,53,66
62.7,-22,6,241,53,66
62.8,-23,6,241,53,66
62.9,-22,6,243,53,66
63,-23,5,241,53,66
63.1,-22,6,241,53,66
63.2,-22,6,241,53,66
63.3,-22,6,240,53,66
63.4,-22,6,242,53,66
63.5,-22,5,240,53,66
63.6,-21,6,241,53,66
63.7,-22,6,241,53,66
63.8,-22,7,241,53,66
63.9,-22,6,242,53,66
64,-22,6,241,53,66
64.1,-21,6,240,53,66
64.2,-22,6,240,53,66
64.3,-22,5,242,53,66
64.4,-22,5,241,53,66
64.5,-22,5,241,53,66
64.6,-21,6,242,53,66
64.7,-21,5,241,53,66
64.8,-22,5,242,53,66
64.9,-22,6,241,53,66
65,-22,6,241,53,66
65.1,-22,6,241,53,66
65.2,-22,6,241,53,66
65.3,-23,6,240,53,66
65.4,-21,5,241,53,66
65.5,-22,6,242,53,66
65.6,-21,7,240,53,66
65.7,-23,6,241,53,66
65.8,-22,6,241,53,66
65.9,-22,6,240,53,66
66,-22,6,243,53,66
66.1,-22,6,242,53,66
66.2,-22,6,241,53,66
66.3,-22,6,241,53,66
66.4,-22,6,242,53,66
66.5,-21,7,241,53,66
66.6,-22,6,242,53,66
66.7,-22,6,241,53,66
66.8,-23,7,241,53,66
66.9,-23,6,241,53,66
67,-21,6,242,53,66
67.1,-22,6,242,53,66
67.2,-22,7,240,53,66
67.3,-22,6,242,53,66
67.4,-21,5,241,53,66
67.5,-23,6,241,53,66
67.6,-22,6,240,53,66
67.7,-21,5,241,53,66
67.8,-22,6,241,53,66
67.9,-22,6,241,53,66
68,-22,5,243,53,66
68.1,-22,6,241,53,66
68.2,-22,6,242,53,66
68.3,-21,6,242,53,66
68.4,-21,6,241,53,66
68.5,-21,6,241,53,66
68.6,-22,5,241,53,66
68.7,-21,6,242,53,66
68.8,-22,6,241,53,66
68.9,-21,7,241,53,66
69,-22,6,240,53,66
69.1,-21,6,240,53,66
69.2,-22,6,241,53,66
69.3,-22,5,241,53,66
69.4,-22,6,241,53,66
69.5,-21,5,241,53,66
69.6,-22,7,241,53,66
69.7,-22,7,241,53,66
69.8,-23,6,241,53,66
69.9,-21,6,242,53,66
70,-23,6,242,53,66
70.1,-22,6,242,53,66
70.2,-22,6,241,53,66
70.3,-22,6,241,53,66
70.4,-22,6,241,53,66
70.5,-22,6,241,53,66
70.6,-22,6,241,53,66
70.7,-21,5,242,53,66
70.8,-22,5,241,53,66
70.9,-22,6,241,53,66
71,-22,7,241,53,66
71.1,-21,6,241,53,66
71.2,-22,5,241,53,66
71.3,-22,6,241,53,66
71.4,-22,6,242,53,66
71.5,-22,6,241,53,66
71.6,-22,5,241,53,66
71.7,-22,6,241,53,66
71.8,-22,6,241,53,66
71.9,-21,5,242,53,66
72,-22,7,241,53,66
72.1,-22,6,241,53,66
72.2,-22,6,242,53,66
72.3,-22,5,241,53,66
72.4,-23,7,241,53,66
72.5,-22,6,241,53,66
72.6,-22,6,241,53,66
72.7,-22,5,241,53,66
72.8,-24,7,240,53,66
72.9,-21,6,242,53,66
73,-22,6,242,53,66
73.1,-22,6,242,53,66
73.2,-22,6,243,53,66
73.3,-21,6,241,53,66
73.4,-21,6,241,53,66
73.5,-22,6,240,53,66
73.6,-22,6,241,53,66
73.7,-23,6,241,53,66
73.8,-22,6,240,53,66
73.9,-22,6,241,53,66
74,-22,6,240,53,66
74.1,-22,5,241,53,66
74.2,-22,6,242,53,66
74.3,-22,6,241,53,66
74.4,-22,5,241,53,66
74.5,-22,6,241,53,66
74.6,-22,6,241,53,66
74.7,-20,6,241,53,66
74.8,-21,6,242,53,66
74.9,-22,6,240,53,66
75,-22,6,241,53,66
75.1,-22,5,240,53,66
75.2,-21,6,241,53,66
75.3,-22,6,241,53,66
75.4,-21,7,241,53,66
75.5,-23,6,242,53,66
75.6,-22,5,240,53,66
75.7,-23,6,242,53,66
75.8,-21,5,242,53,66
75.9,-21,5,241,53,66
76,-21,6,241,53,66
76.1,-22,6,240,53,66
76.2,-22,6,242,53,66
76.3,-21,4,242,53,66
76.4,-22,6,242,53,66
76.5,-23,6,241,53,66
76.6,-23,6,242,53,66
76.7,-22,6,241,53,66
76.8,-22,6,241,53,66
76.9,-23,7,242,53,66
77,-22,5,240,53,66
77.1,-21,5,241,53,66
77.2,-22,6,241,53,66
77.3,-22,5,240,53,66
77.4,-22,6,242,53,66
77.5,-22,6,240,53,66
77.6,-21,6,240,53,66
77.7,-22,6,242,53,66
77.8,-22,6,242,53,66
77.9,-23,5,242,53,66
78,-22,6,242,53,66
78.1,-21,6,241,53,66
78.2,-22,7,241,53,66
78.3,-22,5,241,53,66
78.4,-23,6,241,53,66
78.5,-22,5,241,53,66
78.6,-21,6,240,53,66
78.7,-23,6,241,53,66
78.8,-22,7,241,53,66
78.9,-22,6,241,53,66
79,-21,5,241,53,66
79.1,-22,5,241,53,66
79.2,-22,6,242,53,66
79.3,-22,6,241,53,66
79.4,-22,6,241,53,66
79.5,-22,6,241,53,66
79.6,-22,6,242,53,66
79.7,-22,6,242,53,66
79.8,-22,6,241,53,66
79.9,-22,5,242,53,66
80,-22,5,240,53,66
80.1,-22,7,241,53,66
80.2,-22,6,241,53,66
80.3,-23,6,242,53,66
80.4,-21,6,241,53,66
80.5,-22,6,239,53,66
80.6,-22,6,241,53,66
80.7,-21,5,241,53,66
80.8,-24,2,241,53,66
80.9,-23,-11,239,53,66
81,-27,-38,224,53,66
81.1,-43,34,260,53,66
81.2,-30,-24,224,53,66
81.3,-14,18,225,53,66
81.4,-98,8,169,53,66
81.5,-134,32,192,53,66
81.6,-20,39,274,53,66
81.7,-31,-7,212,53,67
81.8,-20,-1,243,53,67
81.9,2,-6,251,53,67
82,-24,19,233,53,67
82.1,-22,12,248,53,67
82.2,-29,11,237,53,67
82.3,-21,8,240,53,67
82.4,-22,0,241,53,67
82.5,-19,11,257,53,67
82.6,-13,5,246,53,67
82.7,-22,14,244,53,67
82.8,-42,6,239,53,67
82.9,-37,9,247,53,67
83,-8,-2,232,53,67
83.1,18,1,241,53,67
83.2,-21,-3,242,53,67
83.3,-28,-18,247,53,67
83.4,-38,-43,243,53,67
83.5,1,-9,251,54,67
83.6,-20,-2,226,54,67
83.7,0,12,240,54,68
83.8,-9,37,229,54,68
83.9,-15,28,235,55,68
84,-21,19,237,55,68
84.1,-19,5,225,55,68
84.2,-21,-21,236,55,68
84.3,-29,-30,224,55,68
84.4,-37,14,264,55,69
84.5,-34,23,227,55,69
84.6,-16,44,230,55,69
84.7,-40,-34,255,56,69
84.8,-18,0,245,56,69
84.9,-20,31,236,56,69
85,-18,18,251,56,69
85.1,-22,35,240,56,70
85.2,-48,-35,241,56,70
85.3,-36,-98,253,56,70
85.4,-17,63,248,57,70
85.5,4,78,199,57,70
85.6,-13,1,238,57,70
85.7,-7,30,250,57,70
85.8,-22,-43,247,57,71
85.9,-13,29,241,57,71
86,-29,33,248,57,71
86.1,-24,-16,237,57,71
86.2,-16,-46,262,57,71
86.3,-9,-63,237,58,71
86.4,7,35,207,58,72
86.5,-28,71,235,58,72
86.6,-20,-16,225,59,72
86.7,-28,-6,230,59,72
86.8,-3,-5,286,59,72
86.9,-27,77,241,59,73
87,-31,-54,229,59,73
87.1,-23,-51,223,59,73
87.2,-14,20,212,60,73
87.3,-7,73,249,60,74
87.4,-3,-25,254,60,74
87.5,-12,-12,215,60,74
87.6,-32,5,241,60,74
87.7,-18,62,239,61,74
87.8,-15,-37,238,61,74
87.9,-24,-33,241,61,74
88,-32,-39,224,61,75
88.1,-20,-1,260,61,75
88.2,-22,-2,244,61,75
88.3,-31,3,224,65,75
88.4,-35,53,222,65,75
88.5,-8,4,251,65,76
88.6,-38,78,240,65,76
88.7,-16,15,224,65,76
88.8,-8,-8,238,66,76
88.9,-10,-2,242,66,76
89,-22,-17,245,66,77
89.1,-12,-39,238,66,77
89.2,-31,-1,245,66,77
89.3,-12,56,211,67,77
89.4,21,2,238,67,78
89.5,-30,-70,247,67,78
89.6,-9,94,260,67,78
89.7,-14,10,248,68,78
89.8,-26,-23,235,68,79
89.9,-23,3,225,68,79
90,-17,18,238,68,79
90.1,-23,-9,268,68,79
90.2,-20,57,264,68,80
90.3,-21,59,237,68,80
90.4,-25,-49,249,68,80
90.5,-12,23,256,68,80
90.6,-7,58,253,68,80
90.7,-16,-61,265,68,80
90.8,-36,-221,282,68,80
90.9,-20,82,245,68,80
91,-21,0,241,68,80
91.1,-14,2,245,68,80
91.2,-18,6,242,68,80
91.3,-18,4,241,68,80
91.4,-17,5,243,68,80
91.5,-17,4,241,68,80
91.6,-18,4,240,68,80
91.7,-18,3,242,68,80
91.8,-18,4,241,68,80
91.9,-18,5,241,68,80
92,-18,6,242,68,80
92.1,-19,4,240,68,80
92.2,-18,4,241,68,80
92.3,-18,4,243,68,80
92.4,-18,5,241,68,80
92.5,-18,4,241,68,80
92.6,-18,4,241,68,80
92.7,-19,5,241,68,80
92.8,-18,5,241,68,80
92.9,-17,4,242,68,80
93,-18,5,242,68,80
93.1,-18,5,241,68,80
93.2,-18,6,241,68,80
93.3,-18,4,242,68,80
93.4,-18,3,241,68,80
93.5,-18,5,241,68,80
93.6,-18,4,241,68,80
93.7,-19,5,242,68,80
93.8,-17,4,241,68,80
93.9,-18,5,242,68,80
94,-18,3,242,68,80
94.1,-18,4,243,68,80
94.2,-17,4,242,68,80
94.3,-17,4,240,68,80
94.4,-18,4,241,68,80
94.5,-18,4,242,68,80
94.6,-17,4,241,68,80
94.7,-17,4,241,68,80
94.8,-19,4,241,68,80
94.9,-17,5,241,68,80
95,-18,3,241,68,80
95.1,-18,5,241,68,80
95.2,-17,4,241,68,80
95.3,-18,5,241,68,80
95.4,-19,5,240,68,80
95.5,-18,3,242,68,80
95.6,-18,4,242,68,80
95.7,-18,4,241,68,80
95.8,-18,4,241,68,80
95.9,-17,5,241,68,80
96,-19,5,232,68,80
96.1,-22,7,233,68,80
96.2,-19,15,242,68,80
96.3,-9,42,248,68,80
96.4,-7,52,246,69,80
96.5,-7,31,241,69,80
96.6,-35,35,248,69,80
96.7,7,25,219,69,81
96.8,-24,24,202,70,81
96.9,-47,5,224,70,81
97,-8,-21,224,71,82
97.1,-22,-36,241,71,82
97.2,-16,35,234,71,82
97.3,-23,-8,212,71,83
97.4,1,7,239,72,83
97.5,-8,-4,282,72,83
97.6,-27,12,255,72,83
97.7,0,-51,236,72,84
97.8,-19,-39,260,72,84
97.9,-15,13,279,73,84
98,-15,30,244,73,84
98.1,-18,10,243,73,84
98.2,-25,12,236,73,85
98.3,-22,32,231,74,85
98.4,-23,-18,246,74,85
98.5,-27,-4,242,74,86
98.6,-17,-13,220,75,86
98.7,-34,-7,265,75,86
98.8,13,29,265,75,86
98.9,-7,7,233,75,87
99,-29,35,209,76,87
99.1,-35,-16,322,76,88
99.2,-45,-10,174,77,88
99.3,-35,-8,270,77,88
99.4,8,-41,228,77,89
99.5,-21,-5,256,77,89
99.6,-76,63,266,78,89
99.7,25,-5,184,78,89
99.8,-37,43,324,78,90
99.9,-10,19,245,79,90
100,-11,-48,238,79,92
100.1,-22,-49,233,80,92
100.2,1,-64,259,80,92
100.3,-23,-9,241,80,95
100.4,-50,37,225,80,95
100.5,3,9,201,81,95
100.6,-29,42,264,81,95
100.7,-34,21,239,81,96
100.8,-35,1,235,81,96
100.9,-34,-72,240,82,96
101,-14,3,241,82,97
101.1,-15,39,242,82,97
101.2,-28,-17,228,82,97
101.3,-23,-17,244,82,97
101.4,-30,51,236,82,97
101.5,-12,10,201,83,97
101.6,-22,-2,240,83,97
101.7,-23,30,248,83,97
101.8,-28,1,237,83,97
101.9,-25,7,242,83,97
102,-23,5,242,83,97
102.1,-22,7,242,83,97
102.2,-23,6,241,83,97
102.3,-23,7,240,83,97
102.4,-22,6,240,83,97
102.5,-22,5,242,83,97
102.6,-23,7,241,83,97
102.7,-22,7,240,83,97
102.8,-21,6,241,83,97
102.9,-21,5,241,83,97
103,-22,6,241,83,97
103.1,-22,7,241,83,97
103.2,-22,7,241,83,97
103.3,-22,7,241,83,97
103.4,-22,7,241,83,97
103.5,-22,7,241,83,97
103.6,-22,7,241,83,97
103.7,-22,6,241,83,97
103.8,-22,7,241,83,97
103.9,-21,7,241,83,97
104,-22,6,241,83,97
104.1,-22,7,241,83,97
104.2,-22,6,241,83,97
104.3,-22,7,241,83,97
104.4,-22,6,242,83,97
104.5,-22,6,240,83,97
104.6,-22,7,240,83,97
104.7,-22,6,242,83,97
104.8,-22,6,242,83,97
104.9,-22,6,241,83,97
105,-23,4,240,83,97
105.1,-30,14,251,83,97
105.2,-25,-10,236,83,97
105.3,-22,-16,235,83,97
105.4,-26,-26,236,84,97
105.5,-32,-2,222,84,97
105.6,-33,12,230,84,97
105.7,-21,15,231,84,97
105.8,-15,8,231,84,99
105.9,-8,3,252,84,99
106,-31,13,212,84,99
106.1,-24,19,222,85,99
106.2,511,-457,386,85,99
106.3,-21,55,227,85,99
106.4,-29,31,243,85,99
106.5,-13,-2,236,85,99
106.6,-1,-40,216,85,99
106.7,-21,-14,244,85,99
106.8,-37,6,254,85,100
106.9,-23,-5,228,85,100
107,-27,8,249,86,100
107.1,-33,6,231,86,100
107.2,-13,17,240,86,100
107.3,-25,5,243,86,100
107.4,-217,29,158,86,101
107.5,-29,-54,230,86,101
107.6,-14,17,269,87,101
107.7,-29,-12,250,87,102
107.8,-25,-1,237,87,102
107.9,-32,-4,236,88,102
108,-22,15,222,88,102
108.1,-5,66,244,88,103
108.2,-54,-26,250,88,103
108.3,-17,-48,237,88,103
108.4,47,-81,240,88,103
108.5,-3,-43,263,88,103
108.6,-45,137,192,88,104
108.7,-30,46,231,89,104
108.8,-22,-2,236,89,104
108.9,-73,-50,242,89,105
109,-20,-1,277,89,105
109.1,-10,76,246,89,105
109.2,-28,6,248,89,107
109.3,-11,-3,257,89,107
109.4,-27,-24,226,89,107
109.5,-23,-36,222,89,107
109.6,-24,25,219,89,107
109.7,-13,46,246,89,108
109.8,-13,1,246,89,108
109.9,-30,-5,234,89,108
110,-4,5,242,89,108
110.1,-23,1,254,89,109
110.2,-17,-7,239,89,109
110.3,-33,-86,222,89,109
110.4,-33,46,260,89,110
110.5,-33,74,257,89,110
110.6,4,13,255,89,110
110.7,-17,-45,271,89,110
110.8,-13,-1,221,89,110
110.9,20,71,258,89,111
111,20,45,227,89,111
111.1,-18,-56,237,89,111
111.2,-13,-5,227,89,111
111.3,-11,17,221,89,111
111.4,8,22,239,89,111
111.5,-17,31,237,89,112
111.6,-11,21,235,89,112
111.7,-12,1,239,89,112
111.8,-22,30,230,89,112
111.9,-20,24,241,89,112
112,-27,-7,243,89,112
112.1,-31,36,249,89,112
112.2,-22,0,239,89,112
112.3,-15,6,239,89,112
112.4,-15,4,244,89,112
112.5,11,3,250,89,112
112.6,-15,6,243,89,112
112.7,-16,6,241,89,112
112.8,-16,6,240,89,112
112.9,-17,6,241,89,112
113,-18,8,241,89,112
113.1,-18,6,240,89,112
113.2,-16,5,242,89,112
113.3,-17,6,241,89,112
113.4,-17,6,243,89,112
113.5,-17,7,242,89,112
113.6,-17,6,242,89,112
113.7,-18,6,242,89,112
113.8,-19,7,240,89,112
113.9,-18,5,241,89,112
114,-18,7,241,89,112
114.1,-17,6,242,89,112
114.2,-18,7,243,89,112
114.3,-17,7,241,89,112
114.4,-18,7,242,89,112
114.5,-16,5,242,89,112
114.6,-18,6,242,89,112
114.7,-18,7,241,89,112
114.8,-18,7,242,89,112
114.9,-17,6,241,89,112
115,-17,6,241,89,112
115.1,-17,6,241,89,112
115.2,-17,6,243,89,112
115.3,-18,6,241,89,112
115.4,-18,7,242,89,112
115.5,-18,7,242,89,112
115.6,-18,8,243,89,112
115.7,-17,5,241,89,112
115.8,-18,6,242,89,112
115.9,-18,6,240,89,112
116,-17,7,241,89,112
116.1,-17,6,242,89,112
116.2,-18,6,242,89,112
116.3,-17,7,242,89,112
116.4,-17,6,241,89,112
116.5,-18,6,240,89,112
116.6,-18,6,240,89,112
116.7,-19,7,241,89,112
116.8,-17,6,242,89,112
116.9,-18,7,241,89,112
117,-18,6,241,89,112
117.1,-17,6,242,89,112
117.2,-17,6,242,89,112
117.3,-17,6,242,89,112
117.4,-18,6,241,89,112
117.5,-18,5,241,89,112
117.6,-17,6,241,89,112
117.7,-18,6,241,89,112
117.8,-17,5,241,89,112
117.9,-18,6,242,89,112
118,-17,6,241,89,112
118.1,-18,6,242,89,112
118.2,-18,6,240,89,112
118.3,-19,6,241,89,112
118.4,-18,6,242,89,112
118.5,-17,8,243,89,112
118.6,-17,6,241,89,112
118.7,-17,6,241,89,112
118.8,-18,5,241,89,112
118.9,-18,6,241,89,112
119,-18,7,241,89,112
119.1,-18,5,241,89,112
119.2,-17,6,242,89,112
119.3,-17,6,242,89,112
119.4,-19,7,241,89,112
119.5,-18,6,241,89,112
119.6,-18,6,242,89,112
119.7,-18,6,242,89,112
119.8,-17,5,241,89,112
119.9,-17,6,241,89,112
120,-18,7,242,89,112
120.1,-17,6,242,89,112
120.2,-18,6,242,89,112
120.3,-18,7,242,89,112
120.4,-17,6,242,89,112
120.5,-18,6,241,89,112
120.6,-17,6,242,89,112
120.7,-18,6,242,89,112
120.8,-18,6,241,89,112
120.9,-18,7,241,89,112
121,-18,6,241,89,112
121.1,-17,6,240,89,112
121.2,-17,6,241,89,112
121.3,-18,6,240,89,112
121.4,-18,7,241,89,112
121.5,-17,6,242,89,112
121.6,-18,7,242,89,112
121.7,-17,6,241,89,112
121.8,-18,6,240,89,112
121.9,-18,6,240,89,112
122,-16,6,241,89,112
122.1,-17,6,240,89,112
122.2,-17,7,241,89,112
122.3,-17,7,241,89,112
122.4,-18,6,241,89,112
122.5,-17,7,242,89,112
122.6,-19,7,241,89,112
122.7,-17,7,242,89,112
122.8,-18,6,241,89,112
122.9,-18,7,242,89,112
123,-17,7,242,89,112
123.1,-18,5,241,89,112
123.2,-18,6,242,89,112
123.3,-18,6,242,89,112
123.4,-18,6,240,89,112
123.5,-17,6,242,89,112
123.6,-17,7,241,89,112
123.7,-19,6,241,89,112
123.8,-17,6,243,89,112
123.9,-18,6,241,89,112
124,-17,7,242,89,112
124.1,-18,6,242,89,112
124.2,-17,5,241,89,112
124.3,-17,5,241,89,112
124.4,-18,7,242,89,112
124.5,-17,6,242,89,112
124.6,-18,7,241,89,112
124.7,-17,6,241,89,112
124.8,-18,6,241,89,112
124.9,-17,5,242,89,112
125,-17,6,242,89,112
125.1,-17,6,242,89,112
125.2,-17,5,242,89,112
125.3,-18,5,240,89,112
125.4,-18,7,241,89,112
125.5,-18,6,241,89,112
125.6,-18,7,241,89,112
125.7,-18,6,241,89,112
125.8,-17,6,241,89,112
125.9,-18,7,242,89,112
126,-17,6,241,89,112
126.1,-17,6,241,89,112
126.2,-17,6,241,89,112
126.3,-18,6,241,89,112
126.4,-18,6,240,89,112
126.5,-18,5,242,89,112
126.6,-18,5,241,89,112
126.7,-17,6,241,89,112
126.8,-18,5,241,89,112
126.9,-18,6,241,89,112
127,-17,7,241,89,112
127.1,-17,5,241,89,112
127.2,-18,6,241,89,112
127.3,-17,6,241,89,112
127.4,-17,6,242,89,112
127.5,-18,6,242,89,112
127.6,-18,5,242,89,112
127.7,-17,6,241,89,112
127.8,-18,6,241,89,112
127.9,-17,6,241,89,112
128,-17,6,243,89,112
128.1,-17,7,242,89,112
128.2,-17,6,240,89,112
128.3,-17,6,242,89,112
128.4,-18,6,241,89,112
128.5,-18,7,240,89,112
128.6,-18,7,241,89,112
128.7,-17,6,241,89,112
128.8,-18,7,242,89,112
128.9,-17,6,241,89,112
129,-19,3,240,89,112
129.1,-18,3,218,89,112
129.2,-25,6,240,89,112
129.3,-17,7,242,89,112
129.4,-18,6,241,89,112
129.5,-17,7,242,89,112
129.6,-19,4,249,89,112
129.7,-15,5,241,89,112
129.8,-17,7,242,89,112
129.9,-17,8,243,89,112
130,-19,18,243,89,112
130.1,-16,27,251,89,112
130.2,-18,31,245,89,112
130.3,-15,24,252,89,112
130.4,-13,0,249,89,112
130.5,-12,-10,249,89,112
130.6,-19,-14,235,89,113
130.7,-30,-7,229,89,113
130.8,-16,34,241,89,113
130.9,-24,37,277,90,113
131,13,17,258,90,113
131.1,-32,-25,246,90,113
131.2,-20,-32,243,90,113
131.3,9,12,237,90,114
131.4,-15,63,257,90,114
131.5,-11,2,230,91,114
131.6,-28,-29,259,91,114
131.7,-30,6,227,91,115
131.8,-22,23,251,91,115
131.9,-18,33,241,92,115
132,-42,-6,243,92,115
132.1,-23,-28,198,92,116
132.2,-15,-16,244,92,116
132.3,-19,-35,235,92,116
132.4,-12,-11,229,93,116
132.5,-20,13,242,93,116
132.6,-21,11,245,93,116
132.7,-15,36,255,93,116
132.8,-6,-39,256,93,116
132.9,-15,3,238,93,116
133,-13,6,261,93,116
133.1,-21,-10,238,93,117
133.2,-29,-2,244,93,117
133.3,-19,40,232,93,117
133.4,-15,14,248,93,117
133.5,-26,41,219,93,117
133.6,-36,12,238,94,117
133.7,-16,-19,262,94,117
133.8,-9,-1,249,94,117
133.9,-19,15,238,94,118
134,-7,12,252,94,118
134.1,-24,19,255,95,118
134.2,-30,0,257,95,118
134.3,-15,5,251,95,119
134.4,-37,12,240,95,119
134.5,-23,8,237,96,119
134.6,-7,-33,246,96,120
134.7,-52,-43,236,96,120
134.8,-1,32,233,96,120
134.9,-49,94,274,97,120
135,-27,-26,205,97,121
135.1,-30,6,234,98,121
135.2,-3,20,301,98,121
135.3,16,-29,330,98,122
135.4,-26,-22,179,99,122
135.5,-10,-74,226,99,123
135.6,-29,63,228,99,123
135.7,-14,-13,240,100,123
135.8,7,46,225,100,123
135.9,-37,5,231,100,124
136,-34,-36,250,100,124
136.1,-5,54,222,100,124
136.2,-23,-48,218,101,124
136.3,-23,-41,242,101,124
136.4,-22,50,266,101,124
136.5,-12,-83,231,101,125
136.6,-13,85,245,101,125
136.7,-34,2,240,101,125
136.8,-20,3,244,101,125
136.9,-15,-14,252,101,125
137,-91,76,241,101,125
137.1,52,-191,280,101,125
137.2,-41,41,240,101,125
137.3,-17,1,234,101,125
137.4,-20,15,239,101,125
137.5,-21,6,241,101,125
137.6,-20,8,239,101,125
137.7,-20,7,240,101,125
137.8,-20,7,241,101,125
137.9,-21,6,240,101,125
138,-21,7,241,101,125
138.1,-21,7,242,101,125
138.2,-21,7,241,101,125
138.3,-21,7,241,101,125
138.4,-21,6,243,101,125
138.5,-20,6,242,101,125
138.6,-21,7,241,101,125
138.7,-21,6,241,101,125
138.8,-22,7,241,101,125
138.9,-21,7,241,101,125
139,-20,6,242,101,125
139.1,-22,6,241,101,125
139.2,-22,7,241,101,125
139.3,-21,6,242,101,125
139.4,-21,7,242,101,125
139.5,-21,6,241,101,125
139.6,-21,6,241,101,125
139.7,-21,7,241,101,125
139.8,-21,6,242,101,125
139.9,-21,5,242,101,125
140,-21,6,242,101,125
140.1,-22,7,241,101,125
140.2,-21,7,240,101,125
140.3,-21,6,242,101,125
140.4,-20,6,241,101,125
140.5,-22,7,242,101,125
140.6,-21,7,241,101,125
140.7,-21,7,242,101,125
140.8,-20,6,242,101,125
140.9,-21,7,241,101,125
141,-21,6,241,101,125
141.1,-22,7,241,101,125
141.2,-22,7,241,101,125
141.3,-21,6,242,101,125
141.4,-21,9,242,101,125
141.5,-21,6,242,101,125
141.6,-22,7,242,101,125
141.7,-22,7,241,101,125
141.8,-21,5,240,101,125
141.9,-21,7,242,101,125
142,-21,5,241,101,125
142.1,-22,8,241,101,125
142.2,-22,6,242,101,125
142.3,-21,6,241,101,125
142.4,-21,6,241,101,125
142.5,-20,6,241,101,125
142.6,-21,7,241,101,125
142.7,-21,7,240,101,125
142.8,-21,7,241,101,125
142.9,-21,7,242,101,125
143,-22,7,240,101,125
143.1,-22,7,241,101,125
143.2,-21,7,241,101,125
143.3,-20,6,241,101,125
143.4,-22,8,240,101,125
143.5,-21,7,240,101,125
143.6,-21,7,241,101,125
143.7,-21,6,242,101,125
143.8,-22,7,241,101,125
143.9,-20,7,241,101,125
144,-21,7,241,101,125
144.1,-22,6,242,101,125
144.2,-21,7,242,101,125
144.3,-21,7,241,101,125
144.4,-22,7,242,101,125
144.5,-21,6,241,101,125
144.6,-21,8,243,101,125
144.7,-21,6,241,101,125
144.8,-22,7,240,101,125
144.9,-21,7,241,101,125
145,-20,6,242,101,125
145.1,-21,7,242,101,125
145.2,-21,7,242,101,125
145.3,-21,7,241,101,125
145.4,-20,7,241,101,125
145.5,-22,5,238,101,125
145.6,-21,10,244,101,125
145.7,-23,1,240,101,125
145.8,-21,0,241,101,125
145.9,-36,-13,235,101,125
146,-30,-3,233,101,125
146.1,-31,8,244,101,125
146.2,-26,1,238,101,125
146.3,-16,-8,227,101,125
146.4,-33,2,236,101,125
146.5,-22,6,235,101,126
146.6,-26,26,245,101,126
146.7,-33,7,214,102,126
146.8,-13,-14,231,102,126
146.9,-28,-27,242,102,126
147,-44,-10,223,102,126
147.1,-22,39,266,102,127
147.2,-28,36,242,102,127
147.3,-16,-27,251,103,127
147.4,-23,-22,249,103,127
147.5,-30,33,239,103,128
147.6,-23,15,226,103,128
147.7,-14,20,237,103,128
147.8,-8,-29,204,103,128
147.9,-35,55,233,103,128
148,-28,62,231,103,129
148.1,-37,-27,271,103,129
148.2,-22,37,220,104,129
148.3,-14,-13,240,104,129
148.4,-7,66,219,104,129
148.5,-22,2,240,104,129
148.6,-18,-58,255,104,130
148.7,-31,73,192,104,130
148.8,-23,51,248,105,130
148.9,-16,16,251,105,130
149,-24,7,248,105,130
149.1,-49,-24,254,105,130
149.2,-35,-5,228,105,131
149.3,-31,-36,244,105,131
149.4,-23,56,222,105,131
149.5,-19,-38,235,105,131
149.6,-32,5,236,105,132
149.7,-32,50,211,105,132
149.8,-30,17,228,105,132
149.9,-57,-46,260,105,132
150,-31,-34,227,105,132
150.1,-8,43,225,105,133
150.2,-26,67,236,105,133
150.3,-40,-26,232,105,133
150.4,-51,-18,227,105,133
150.5,-36,2,198,105,134
150.6,-57,6,239,105,134
150.7,-17,-37,226,105,134
150.8,-68,-30,268,105,136
150.9,-7,35,253,105,136
151,-9,35,248,105,136
151.1,-43,40,242,105,136
151.2,-12,4,252,105,139
151.3,-27,-44,236,105,139
151.4,-41,4,245,105,139
151.5,-27,13,241,105,139
151.6,-13,65,233,105,140
151.7,-8,4,227,105,140
151.8,-49,-28,217,105,140
151.9,-12,36,223,105,140
152,-51,-39,210,105,140
152.1,-22,-26,205,105,141
152.2,-22,48,229,105,141
152.3,24,98,229,105,142
152.4,-43,-22,231,105,142
152.5,-32,39,237,105,142
152.6,-22,4,247,105,142
152.7,-36,-23,243,105,142
152.8,-24,2,240,105,142
152.9,-21,-11,248,105,142
153,-15,7,227,105,142
153.1,-20,-23,240,105,142
153.2,-38,44,237,105,142
153.3,-29,-16,241,105,142
153.4,-20,6,236,105,142
153.5,-18,2,245,105,142
153.6,-18,7,240,105,142
153.7,-18,4,242,105,142
153.8,-19,5,241,105,142
153.9,-18,5,241,105,142
154,-19,4,242,105,142
154.1,-19,4,241,105,142
154.2,-20,5,241,105,142
154.3,-18,5,241,105,142
154.4,-18,4,241,105,142
154.5,-19,5,241,105,142
154.6,-19,5,240,105,142
154.7,-19,5,242,105,142
154.8,-19,4,242,105,142
154.9,-19,5,242,105,142
155,-19,4,242,105,142
155.1,-19,5,241,105,142
155.2,-19,6,241,105,142
155.3,-19,5,241,105,142
155.4,-19,5,242,105,142
155.5,-18,4,241,105,142
155.6,-19,5,241,105,142
155.7,-19,4,241,105,142
155.8,-19,4,242,105,142
155.9,-18,6,241,105,142
156,-19,4,241,105,142
156.1,-19,5,241,105,142
156.2,-19,5,241,105,142
156.3,-19,4,241,105,142
156.4,-20,5,242,105,142
156.5,-18,5,241,105,142
156.6,-18,5,242,105,142
156.7,-18,5,241,105,142
156.8,-19,5,241,105,142
156.9,-19,5,242,105,142
157,-19,5,242,105,142
157.1,-19,6,241,105,142
157.2,-18,4,241,105,142
157.3,-18,5,242,105,142
157.4,-18,5,242,105,142
157.5,-19,6,241,105,142
157.6,-18,5,241,105,142
157.7,-18,4,242,105,142
157.8,-19,5,242,105,142
157.9,-20,5,242,105,142
158,-19,5,242,105,142
158.1,-18,5,242,105,142
158.2,-19,4,242,105,142
158.3,-19,5,242,105,142
158.4,-18,5,242,105,142
158.5,-19,5,242,105,142
158.6,-18,5,241,105,142
158.7,-19,4,240,105,142
158.8,-18,5,242,105,142
158.9,-19,5,242,105,142
159,-19,6,241,105,142
159.1,-18,4,241,105,142
159.2,-18,4,241,105,142
159.3,-19,5,242,105,142
159.4,-18,4,241,105,142
159.5,-20,5,241,105,142
159.6,-18,5,241,105,142
159.7,-19,5,241,105,142
159.8,-19,4,241,105,142
159.9,-19,5,241,105,142
160,-20,4,241,105,142
160.1,-19,4,240,105,142
160.2,-18,6,241,105,142
160.3,-20,6,241,105,142
160.4,-19,4,241,105,142
160.5,-20,5,240,105,142
160.6,-19,5,241,105,142
160.7,-18,4,242,105,142
160.8,-19,4,241,105,142
160.9,-18,5,242,105,142
161,-19,4,241,105,142
161.1,-19,5,240,105,142
161.2,-19,4,242,105,142
161.3,-19,5,242,105,142
161.4,-19,6,241,105,142
161.5,-19,5,242,105,142
161.6,-18,4,241,105,142
161.7,-20,5,242,105,142
161.8,-18,4,241,105,142
161.9,-18,4,241,105,142
162,-19,5,242,105,142
162.1,-19,5,241,105,142
162.2,-19,4,241,105,142
162.3,-18,4,242,105,142
162.4,-19,5,242,105,142
162.5,-19,4,241,105,142
162.6,-19,4,242,105,142
162.7,-19,5,242,105,142
162.8,-19,4,242,105,142
162.9,-19,5,241,105,142
163,-20,5,242,105,142
163.1,-19,4,241,105,142
163.2,-19,4,242,105,142
163.3,-19,5,241,105,142
163.4,-19,4,241,105,142
163.5,-18,4,241,105,142
163.6,-19,5,241,105,142
163.7,-18,5,241,105,142
163.8,-19,5,241,105,142
163.9,-18,4,241,105,142
164,-19,5,240,105,142
164.1,-19,5,241,105,142
164.2,-19,6,242,105,142
164.3,-18,5,241,105,142
164.4,-19,4,241,105,142
164.5,-19,6,242,105,142
164.6,-19,4,242,105,142
164.7,-18,4,241,105,142
164.8,-19,5,241,105,142
164.9,-18,4,241,105,142
165,-19,5,241,105,142
165.1,-20,4,242,105,142
165.2,-19,4,242,105,142
165.3,-19,4,241,105,142
165.4,-18,5,241,105,142
165.5,-18,6,242,105,142
165.6,-20,4,242,105,142
165.7,-18,5,241,105,142
165.8,-19,4,242,105,142
165.9,-18,4,240,105,142
166,-19,5,242,105,142
166.1,-19,4,242,105,142
166.2,-18,5,242,105,142
166.3,-18,3,240,105,142
166.4,-18,5,241,105,142
166.5,-19,3,241,105,142
166.6,-19,5,242,105,142
166.7,-19,5,241,105,142
166.8,-19,4,240,105,142
166.9,-18,4,241,105,142
167,-18,4,241,105,142
167.1,-18,5,242,105,142
167.2,-19,4,242,105,142
167.3,-20,5,241,105,142
167.4,-19,5,240,105,142
167.5,-19,4,242,105,142
167.6,-19,6,241,105,142
167.7,-19,4,242,105,142
167.8,-19,6,241,105,142
167.9,-19,6,242,105,142
168,-19,4,242,105,142
168.1,-18,4,243,105,142
168.2,-19,4,241,105,142
168.3,-19,5,242,105,142
168.4,-19,5,241,105,142
168.5,-19,4,242,105,142
168.6,-19,4,240,105,142
168.7,-18,5,241,105,142
168.8,-19,3,242,105,142
168.9,-19,5,240,105,142
169,-19,5,241,105,142
169.1,-19,5,241,105,142
169.2,-19,6,242,105,142
169.3,-19,4,241,105,142
169.4,-19,5,241,105,142
169.5,-18,5,241,105,142
169.6,-18,5,241,105,142
169.7,-19,5,242,105,142
169.8,-19,4,242,105,142
169.9,-18,5,241,105,142
170,-18,4,241,105,142
170.1,-19,4,242,105,142
170.2,-19,6,242,105,142
170.3,-19,3,241,105,142
170.4,-18,4,241,105,142
170.5,-18,4,241,105,142
170.6,-18,4,240,105,142
170.7,-19,4,240,105,142
170.8,-18,4,241,105,142
170.9,-20,6,241,105,142
171,-20,6,240,105,142
171.1,-18,4,242,105,142
171.2,-18,4,242,105,142
171.3,-19,5,242,105,142
171.4,-18,5,242,105,142
171.5,-19,6,242,105,142
171.6,-18,4,242,105,142
171.7,-17,4,242,105,142
171.8,-19,5,241,105,142
171.9,-18,4,241,105,142
172,-19,4,243,105,142
172.1,-19,4,242,105,142
172.2,-19,4,241,105,142
172.3,-19,5,243,105,142
172.4,-18,4,241,105,142
172.5,-20,6,242,105,142
172.6,-19,5,242,105,142
172.7,-19,5,242,105,142
172.8,-19,4,241,105,142
172.9,-19,5,242,105,142
173,-19,4,242,105,142
173.1,-20,5,241,105,142
173.2,-19,5,241,105,142
173.3,-19,4,241,105,142
173.4,-19,5,242,105,142
173.5,-19,4,242,105,142
173.6,-19,4,242,105,142
173.7,-19,4,241,105,142
173.8,-19,5,242,105,142
173.9,-18,5,242,105,142
174,-19,4,241,105,142
174.1,-19,4,242,105,142
174.2,-18,5,241,105,142
174.3,-18,4,242,105,142
174.4,-18,5,241,105,142
174.5,-19,5,241,105,142
174.6,-19,5,241,105,142
174.7,-18,5,240,105,142
174.8,-18,4,241,105,142
174.9,-18,5,241,105,142
175,-19,5,240,105,142
175.1,-19,5,241,105,142
175.2,-20,5,242,105,142
175.3,-19,4,242,105,142
175.4,-19,5,242,105,142
175.5,-18,5,242,105,142
175.6,-20,5,241,105,142
175.7,-18,5,242,105,142
175.8,-20,5,241,105,142
175.9,-19,5,242,105,142
176,-19,4,241,105,142
176.1,-19,5,242,105,142
176.2,-18,4,241,105,142
176.3,-25,7,241,105,142
176.4,-7,30,239,105,142
176.5,-22,19,243,105,142
176.6,-20,37,237,105,142
176.7,-17,30,234,105,142
176.8,-15,24,234,106,142
176.9,-27,26,232,106,142
177,-1,-11,209,106,142
177.1,-2,-42,251,106,143
177.2,-44,20,246,107,143
177.3,-16,50,242,107,143
177.4,-13,31,239,107,143
177.5,-25,-1,283,107,144
177.6,-31,-35,246,108,144
177.7,-23,11,223,108,144
177.8,-1,-5,232,108,144
177.9,-18,-52,237,108,144
178,-30,-30,259,108,145
178.1,-19,25,245,108,145
178.2,-86,-41,217,109,145
178.3,-18,-49,239,109,145
178.4,-26,16,232,109,146
178.5,-9,41,240,109,146
178.6,-47,-13,263,109,146
178.7,-18,-70,224,109,146
178.8,-11,33,256,109,146
178.9,-26,49,244,109,146
179,-6,60,206,109,147
179.1,-22,19,257,109,147
179.2,-31,-44,239,110,147
179.3,-40,-82,209,110,147
179.4,19,37,238,110,147
179.5,-39,-3,234,110,147
179.6,-16,1,240,110,147
179.7,-23,-10,233,110,147
179.8,-42,16,245,110,147
179.9,-2,-21,238,110,147
180,-45,30,245,110,147
180.1,-16,54,273,110,147
180.2,-5,13,267,110,147
180.3,-20,-2,237,110,148
180.4,-17,-20,253,110,148
180.5,-35,0,235,110,148
180.6,-19,-17,253,111,148
180.7,-32,-10,228,111,148
180.8,-6,-10,237,111,148
180.9,-38,46,245,111,148
181,-8,37,245,111,148
181.1,-21,124,238,111,149
181.2,-41,-30,254,111,149
181.3,-34,-93,204,112,149
181.4,11,110,239,112,149
181.5,-59,120,258,112,150
181.6,-73,-28,263,113,150
181.7,-48,-80,228,113,150
181.8,-31,76,253,113,151
181.9,-17,-116,253,114,151
182,-23,-19,249,114,151
182.1,-28,49,234,114,151
182.2,-1,76,236,114,152
182.3,-32,87,223,114,152
182.4,-26,-18,315,115,153
182.5,2,-2,217,115,153
182.6,4,-11,248,117,154
182.7,-70,-77,215,117,154
182.8,-29,-42,254,117,154
182.9,32,-9,235,118,154
183,-17,2,249,118,154
183.1,-28,127,261,118,155
183.2,-8,12,289,118,155
183.3,-31,-36,212,119,155
183.4,26,6,279,119,156
183.5,-11,-17,204,120,156
183.6,47,-95,266,120,157
183.7,17,-15,224,120,157
183.8,-7,96,243,120,157
183.9,-50,53,232,120,157
184,14,-14,255,120,157
184.1,-19,15,325,124,157
184.2,-32,-1,239,124,158
184.3,-10,-9,239,124,158
184.4,-20,-9,239,124,158
184.5,-17,33,242,124,158
184.6,-7,10,242,124,158
184.7,275,-512,128,125,158
184.8,-26,17,248,125,158
184.9,-18,3,243,125,158
185,14,1,209,125,158
185.1,-14,13,239,125,158
185.2,-18,3,241,125,158
185.3,-17,5,241,125,158
185.4,-18,6,242,125,158
185.5,-17,5,243,125,158
185.6,-18,6,242,125,158
185.7,-17,6,241,125,158
185.8,-18,6,241,125,158
185.9,-18,5,241,125,158
186,-18,6,242,125,158
186.1,-18,5,240,125,158
186.2,-17,6,241,125,158
186.3,-17,6,241,125,158
186.4,-18,6,242,125,158
186.5,-17,5,241,125,158
186.6,-18,5,241,125,158
186.7,-17,6,242,125,158
186.8,-18,6,240,125,158
186.9,-17,5,241,125,158
187,-18,5,241,125,158
187.1,-18,5,242,125,158
187.2,-17,6,241,125,158
187.3,-17,5,241,125,158
187.4,-18,6,241,125,158
187.5,-17,6,242,125,158
187.6,-17,5,241,125,158
187.7,-17,5,241,125,158
187.8,-17,5,242,125,158
187.9,-17,4,241,125,158
188,-17,6,241,125,158
188.1,-17,6,242,125,158
188.2,-17,6,240,125,158
188.3,-17,6,242,125,158
188.4,-17,6,241,125,158
188.5,-17,6,242,125,158
188.6,-18,5,241,125,158
188.7,-17,5,241,125,158
188.8,-17,6,241,125,158
188.9,-17,6,241,125,158
189,-17,5,242,125,158
189.1,-17,5,241,125,158
189.2,-17,5,241,125,158
189.3,-17,5,241,125,158
189.4,-16,5,242,125,158
189.5,-18,6,241,125,158
189.6,-16,4,242,125,158
189.7,-18,5,241,125,158
189.8,-17,5,241,125,158
189.9,-18,6,242,125,158
190,-17,6,242,125,158
190.1,-16,7,240,125,158
190.2,-17,5,241,125,158
190.3,-16,5,241,125,158
190.4,-17,7,241,125,158
190.5,-17,5,242,125,158
190.6,-17,5,241,125,158
190.7,-17,5,241,125,158
190.8,-17,6,241,125,158
190.9,-17,6,241,125,158
191,-16,5,241,125,158
191.1,-16,6,242,125,158
191.2,-17,5,240,125,158
191.3,-18,6,242,125,158
191.4,-17,5,242,125,158
191.5,-17,5,240,125,158
191.6,-16,4,241,125,158
191.7,-17,5,242,125,158
191.8,-17,5,242,125,158
191.9,-17,5,241,125,158
192,-16,6,242,125,158
192.1,-17,6,241,125,158
192.2,-18,6,240,125,158
192.3,-17,5,242,125,158
192.4,-17,5,240,125,158
192.5,-13,1,228,125,158
192.6,0,-2,264,125,158
192.7,-18,-59,239,125,158
192.8,-24,-41,237,126,158
192.9,-7,-20,264,126,158
193,-15,-27,244,126,160
193.1,29,-39,170,127,160
193.2,-7,-6,251,127,160
193.3,-10,35,173,128,161
193.4,-23,57,191,128,161
193.5,-1,48,205,128,162
193.6,-6,86,248,129,162
193.7,11,12,276,129,162
193.8,-62,-67,236,129,162
193.9,-13,29,279,129,162
194,9,2,236,129,163
194.1,-4,19,216,130,163
194.2,-12,30,240,130,163
194.3,-16,22,237,130,163
194.4,-24,-1,231,130,163
194.5,-42,-74,235,130,163
194.6,-42,7,223,130,164
194.7,-8,13,189,131,164
194.8,12,-10,203,131,164
194.9,-11,16,230,131,164
195,43,29,242,131,165
195.1,-60,32,248,132,165
195.2,5,-37,216,132,165
195.3,-13,-27,219,132,166
195.4,-15,24,264,133,166
195.5,4,24,232,133,166
195.6,-30,22,254,133,167
195.7,6,12,213,133,167
195.8,-4,-18,221,134,167
195.9,-13,7,209,134,167
196,-62,46,232,134,170
196.1,-28,-12,258,134,170
196.2,-6,-64,238,135,170
196.3,-33,-5,182,135,170
196.4,-19,-23,233,135,172
196.5,-32,2,256,136,172
196.6,-38,15,242,136,172
196.7,-53,-15,209,136,174
196.8,-22,72,320,137,174
196.9,-34,-41,237,137,175
197,-12,5,200,137,175
197.1,-28,12,213,138,175
197.2,-3,-17,236,138,175
197.3,-37,-15,238,138,177
197.4,2,-12,218,139,177
197.5,0,136,256,139,178
197.6,-41,-4,263,139,178
197.7,5,25,204,140,178
197.8,-33,-36,243,140,178
197.9,-41,12,260,140,178
198,-37,20,262,140,179
198.1,-43,-9,244,140,179
198.2,-7,1,241,140,179
198.3,-26,3,266,141,179
198.4,-17,-2,222,141,179
198.5,-10,-18,227,141,181
198.6,-12,21,240,141,181
198.7,-44,-62,226,141,181
198.8,-11,55,260,141,181
198.9,-44,-1,238,141,181
199,-15,0,242,141,181
199.1,-18,3,242,141,181
199.2,-23,1,240,141,181
199.3,-17,10,240,141,181
199.4,-19,8,241,141,181
199.5,-19,4,240,141,181
199.6,-19,4,241,141,181
199.7,-19,5,242,141,181
199.8,-18,3,241,141,181
199.9,-19,4,242,141,181
200,-19,3,242,141,181
200.1,-20,4,242,141,181
200.2,-19,4,241,141,181
200.3,-20,4,240,141,181
200.4,-19,4,241,141,181
200.5,-19,4,242,141,181
200.6,-19,4,242,141,181
200.7,-18,5,240,141,181
200.8,-19,4,241,141,181
200.9,-19,5,240,141,181
201,-19,5,241,141,181
201.1,-20,5,241,141,181
201.2,-18,3,241,141,181
201.3,-19,3,241,141,181
201.4,-20,4,241,141,181
201.5,-20,6,241,141,181
201.6,-19,4,240,141,181
201.7,-20,4,242,141,181
201.8,-18,4,242,141,181
201.9,-19,4,241,141,181
202,-19,4,241,141,181
202.1,-18,5,242,141,181
202.2,-19,4,241,141,181
202.3,-19,4,242,141,181
202.4,-19,4,241,141,181
202.5,-19,4,241,141,181
202.6,-19,4,242,141,181
202.7,-19,4,241,141,181
202.8,-19,5,242,141,181
202.9,-19,4,240,141,181
203,-19,5,241,141,181
203.1,-20,4,240,141,181
203.2,-19,5,242,141,181
203.3,-19,5,241,141,181
203.4,-18,4,241,141,181
203.5,-19,4,242,141,181
203.6,-19,4,241,141,181
203.7,-19,5,242,141,181
203.8,-20,4,243,141,181
203.9,-19,4,241,141,181
204,-19,5,240,141,181
204.1,-18,3,240,141,181
204.2,-19,4,241,141,181
204.3,-19,4,242,141,181
204.4,-20,4,242,141,181
204.5,-20,4,242,141,181
204.6,-20,4,241,141,181
204.7,-18,4,241,141,181
204.8,-19,5,241,141,181
204.9,-19,4,241,141,181
205,-20,4,241,141,181
205.1,-19,4,241,141,181
205.2,-19,3,241,141,181
205.3,-20,5,242,141,181
205.4,-19,5,241,141,181
205.5,-19,3,241,141,181
205.6,-19,5,241,141,181
205.7,-19,5,241,141,181
205.8,-19,4,242,141,181
205.9,-19,4,242,141,181
206,-19,4,241,141,181
206.1,-18,5,240,141,181
206.2,-19,4,242,141,181
206.3,-19,4,240,141,181
206.4,-19,5,241,141,181
206.5,-20,4,241,141,181
206.6,-18,3,241,141,181
206.7,-19,4,241,141,181
206.8,-18,4,241,141,181
206.9,-18,4,242,141,181
207,-18,3,240,141,181
207.1,-20,5,241,141,181
207.2,-18,5,241,141,181
207.3,-18,4,242,141,181
207.4,-20,5,243,141,181
207.5,-19,5,241,141,181
207.6,-20,5,241,141,181
207.7,-18,3,241,141,181
207.8,-19,5,241,141,181
207.9,-19,4,242,141,181
208,-20,5,242,141,181
208.1,-19,4,241,141,181
208.2,-19,4,240,141,181
208.3,-19,4,241,141,181
208.4,-19,4,242,141,181
208.5,-19,4,242,141,181
208.6,-19,4,242,141,181
208.7,-18,5,241,141,181
208.8,-19,4,241,141,181
208.9,-18,3,242,141,181
209,-19,4,241,141,181
209.1,-19,4,241,141,181
209.2,-20,5,240,141,181
209.3,-18,4,240,141,181
209.4,-18,5,240,141,181
209.5,-18,3,242,141,181
209.6,-21,4,241,141,181
209.7,-19,5,241,141,181
209.8,-18,4,242,141,181
209.9,-19,6,241,141,181
210,-19,4,241,141,181
210.1,-19,5,242,141,181
210.2,-19,4,240,141,181
210.3,-19,5,242,141,181
210.4,-19,5,242,141,181
210.5,-20,4,240,141,181
210.6,-19,4,240,141,181
210.7,-19,4,241,141,181
210.8,-20,5,241,141,181
210.9,-19,4,243,141,181
211,-20,4,241,141,181
211.1,-18,4,240,141,181
211.2,-19,5,242,141,181
211.3,-18,5,242,141,181
211.4,-19,4,241,141,181
211.5,-19,4,241,141,181
211.6,-18,4,241,141,181
211.7,-19,4,241,141,181
211.8,-18,4,240,141,181
211.9,-19,5,240,141,181
212,-19,4,241,141,181
212.1,-19,5,241,141,181
212.2,-20,5,241,141,181
212.3,-19,5,241,141,181
212.4,-19,5,240,141,181
212.5,-19,4,242,141,181
212.6,-19,4,243,141,181
212.7,-20,5,242,141,181
212.8,-20,4,242,141,181
212.9,-19,4,242,141,181
213,-20,4,241,141,181
213.1,-18,4,241,141,181
213.2,-19,4,241,141,181
213.3,-19,5,242,141,181
213.4,-20,5,242,141,181
213.5,-18,4,241,141,181
213.6,-18,4,241,141,181
213.7,-20,5,242,141,181
213.8,-19,5,242,141,181
213.9,-18,4,242,141,181
214,-19,4,241,141,181
214.1,-19,4,242,141,181
214.2,-19,4,242,141,181
214.3,-20,5,242,141,181
214.4,-19,4,241,141,181
214.5,-19,3,242,141,181
214.6,-20,4,241,141,181
214.7,-19,4,242,141,181
214.8,-19,3,240,141,181
214.9,-20,5,241,141,181
215,-18,4,241,141,181
215.1,-19,5,241,141,181
215.2,-20,4,241,141,181
215.3,-20,5,241,141,181
215.4,-19,2,242,141,181
215.5,-19,4,241,141,181
215.6,-20,5,242,141,181
215.7,-19,4,241,141,181
215.8,-19,4,241,141,181
215.9,-20,4,241,141,181
216,-19,4,241,141,181
216.1,-19,4,241,141,181
216.2,-19,5,242,141,181
216.3,-18,4,241,141,181
216.4,-19,5,242,141,181
216.5,-19,4,244,141,181
216.6,-19,4,241,141,181
216.7,-19,5,241,141,181
216.8,-18,4,241,141,181
216.9,-18,4,241,141,181
217,-18,4,241,141,181
217.1,-19,5,241,141,181
217.2,-21,5,241,141,181
217.3,-19,4,241,141,181
217.4,-19,4,242,141,181
217.5,-19,4,242,141,181
217.6,-19,5,240,141,181
217.7,-20,4,241,141,181
217.8,-18,4,241,141,181
217.9,-19,4,241,141,181
218,-20,3,241,141,181
218.1,-19,3,242,141,181
218.2,-19,4,242,141,181
218.3,-19,4,240,141,181
218.4,-19,5,241,141,181
218.5,-19,4,242,141,181
218.6,-19,4,242,141,181
218.7,-19,5,241,141,181
218.8,-19,4,242,141,181
218.9,-18,5,240,141,181
219,-19,4,241,141,181
219.1,-19,4,241,141,181
219.2,-20,5,241,141,181
219.3,-19,4,241,141,181
219.4,-20,4,241,141,181
219.5,-18,4,240,141,181
219.6,-20,4,241,141,181
219.7,-18,3,241,141,181
219.8,-19,4,242,141,181
219.9,-19,4,242,141,181
220,-19,4,241,141,181
220.1,-19,4,240,141,181
220.2,-20,5,241,141,181
220.3,-20,4,241,141,181
220.4,-18,4,240,141,181
220.5,-20,4,241,141,181
220.6,-18,3,239,141,181
220.7,-18,4,242,141,181
220.8,-19,5,240,141,181
220.9,-19,4,241,141,181
221,-19,4,241,141,181
221.1,-19,4,242,141,181
221.2,-18,4,241,141,181
221.3,-19,5,242,141,181
221.4,-19,3,241,141,181
221.5,-19,5,240,141,181
221.6,-20,4,242,141,181
221.7,-20,6,241,141,181
221.8,-20,4,241,141,181
221.9,-18,5,241,141,181
222,-19,5,242,141,181
222.1,-18,4,241,141,181
222.2,-19,5,241,141,181
222.3,-19,4,242,141,181
222.4,-19,4,241,141,181
222.5,-19,4,242,141,181
222.6,-19,4,241,141,181
222.7,-19,5,241,141,181
222.8,-20,5,241,141,181
222.9,-19,4,242,141,181
223,-19,5,242,141,181
223.1,-19,4,239,141,181
223.2,-19,4,242,141,181
223.3,-19,5,241,141,181
223.4,-19,4,241,141,181
223.5,-19,5,241,141,181
223.6,-19,4,241,141,181
223.7,-19,4,242,141,181
223.8,-19,4,241,141,181
223.9,-19,5,241,141,181
224,-19,4,241,141,181
224.1,-20,4,241,141,181
224.2,-20,4,241,141,181
224.3,-20,4,242,141,181
224.4,-19,3,241,141,181
224.5,-19,3,241,141,181
224.6,-19,3,241,141,181
224.7,-19,4,242,141,181
224.8,-19,4,240,141,181
224.9,-19,5,242,141,181
225,-18,4,241,141,181
225.1,-20,5,242,141,181
225.2,-19,4,242,141,181
225.3,-19,4,242,141,181
225.4,-20,4,241,141,181
225.5,-19,4,242,141,181
225.6,-20,5,241,141,181
225.7,-20,4,241,141,181
225.8,-20,5,241,141,181
225.9,-18,4,242,141,181
226,-19,5,243,141,181
226.1,-20,4,242,141,181
226.2,-20,4,242,141,181
226.3,-19,4,241,141,181
226.4,-19,4,241,141,181
226.5,-19,4,240,141,181
226.6,-19,4,241,141,181
226.7,-19,4,242,141,181
226.8,-20,4,241,141,181
226.9,-19,4,241,141,181
227,-19,3,241,141,181
227.1,-20,5,242,141,181
227.2,-19,4,242,141,181
227.3,-19,3,241,141,181
227.4,-20,4,242,141,181
227.5,-19,5,242,141,181
227.6,-19,5,242,141,181
227.7,-19,5,241,141,181
227.8,-18,5,241,141,181
227.9,-19,4,241,141,181
228,-20,5,241,141,181
228.1,-19,4,241,141,181
228.2,-19,5,241,141,181
228.3,-18,4,241,141,181
228.4,-19,4,242,141,181
228.5,-19,4,240,141,181
228.6,-19,5,241,141,181
228.7,-19,4,241,141,181
228.8,-19,4,240,141,181
228.9,-19,5,241,141,181
229,-20,5,241,141,181
229.1,-19,4,242,141,181
229.2,-19,4,241,141,181
229.3,-20,4,241,141,181
229.4,-18,4,241,141,181
229.5,-18,4,241,141,181
229.6,-19,4,242,141,181
229.7,-19,4,240,141,181
229.8,-20,5,242,141,181
229.9,-19,4,241,141,181
230,-20,4,242,141,181
230.1,-19,3,240,141,181
230.2,-18,4,241,141,181
230.3,-19,4,241,141,181
230.4,-20,5,242,141,181
230.5,-19,5,241,141,181
230.6,-19,5,241,141,181
230.7,-19,5,242,141,181
230.8,-20,3,241,141,181
230.9,-20,5,242,141,181
231,-18,4,242,141,181
231.1,-20,5,242,141,181
231.2,-19,4,241,141,181
231.3,-19,4,242,141,181
231.4,-19,3,241,141,181
231.5,-18,5,241,141,181
231.6,-20,5,240,141,181
231.7,-20,4,240,141,181
231.8,-20,5,240,141,181
231.9,-19,4,242,141,181
232,-19,4,241,141,181
232.1,-19,4,242,141,181
232.2,-19,4,241,141,181
232.3,-18,4,242,141,181
232.4,-21,4,241,141,181
232.5,-19,4,241,141,181
232.6,-20,5,241,141,181
232.7,-18,3,242,141,181
232.8,-18,5,241,141,181
232.9,-20,4,241,141,181
233,-19,5,241,141,181
233.1,-20,3,242,141,181
233.2,-19,5,241,141,181
233.3,-19,4,242,141,181
233.4,-19,4,240,141,181
233.5,-19,4,242,141,181
233.6,-20,4,242,141,181
233.7,-19,4,241,141,181
233.8,-19,4,242,141,181
233.9,-20,4,241,141,181
234,-19,4,241,141,181
234.1,-20,4,242,141,181
234.2,-20,4,241,141,181
234.3,-19,5,241,141,181
234.4,-19,4,241,141,181
234.5,-20,4,242,141,181
234.6,-19,4,241,141,181
234.7,-19,5,240,141,181
234.8,-18,4,242,141,181
234.9,-19,4,241,141,181
235,-19,4,242,141,181
235.1,-19,4,241,141,181
235.2,-19,4,242,141,181
235.3,-20,5,241,141,181
235.4,-19,6,241,141,181
235.5,-19,4,241,141,181
235.6,-19,5,240,141,181
235.7,-19,4,242,141,181
235.8,-19,5,242,141,181
235.9,-19,4,241,141,181
236,-20,4,242,141,181
236.1,-19,3,242,141,181
236.2,-20,4,242,141,181
236.3,-20,5,242,141,181
236.4,-20,5,241,141,181
236.5,-19,4,241,141,181
236.6,-20,5,241,141,181
236.7,-20,5,240,141,181
236.8,-20,4,241,141,181
236.9,-20,4,241,141,181
237,-19,4,242,141,181
237.1,-20,5,242,141,181
237.2,-19,5,240,141,181
237.3,-19,3,240,141,181
237.4,-19,5,242,141,181
237.5,-20,5,240,141,181
237.6,-20,5,241,141,181
237.7,-20,4,241,141,181
237.8,-18,3,242,141,181
237.9,-19,4,240,141,181
238,-19,4,241,141,181
